ID,FirstName,LastName,Gender,Email,Username,DOB,Age
1925636,Ivan,Steward,0,ivan.steward@example.com,angryladybug674,1973/02/16,51
6615815,Owen,Peterson,0,owen.peterson@example.com,blackmeercat863,1961/05/30,63
7599659,Mason,Johnston,0,mason.johnston@example.com,purplebird581,1984/02/20,40
3561432,Ruben,Brown,0,ruben.brown@example.com,greenpanda501,1984/05/30,40
9862374,Richard,Sanders,0,richard.sanders@example.com,greenkoala493,1982/06/14,41
5921466,Bill,Hicks,0,bill.hicks@example.com,sadostrich427,1967/04/07,57
5659326,Herbert,Parker,0,herbert.parker@example.com,redfrog218,1971/11/10,52
4586173,Landon,Little,0,landon.little@example.com,redrabbit391,1982/01/20,42
4659734,Greg,Smith,0,greg.smith@example.com,whitegorilla884,1957/05/10,67
2773956,Jim,Sims,0,jim.sims@example.com,sadleopard287,1983/08/19,40
9661393,Johnny,Gonzales,0,johnny.gonzales@example.com,ticklishwolf366,1998/08/03,25
8348999,Ethan,Banks,0,ethan.banks@example.com,organicleopard949,1945/02/23,79
2235114,Gilbert,Jordan,0,gilbert.jordan@example.com,blackostrich391,1954/12/14,69
8186726,Roque,Monteiro,0,roque.monteiro@example.com,browngorilla752,1999/03/12,25
8592726,Rapaz,Peixoto,0,rapaz.peixoto@example.com,beautifulleopard991,1980/11/19,43
1874368,Manassés,Porto,0,manasses.porto@example.com,heavyzebra999,1990/06/26,33
7222699,Samuel,Castro,0,samuel.castro@example.com,smallpeacock615,2001/01/08,23
2833113,Sidónio,Nogueira,0,sidonio.nogueira@example.com,tinymeercat440,1957/04/17,67
5853919,Rúpio,Lima,0,rupio.lima@example.com,yellowpanda892,1990/09/14,33
9518464,Querubim,Duarte,0,querubim.duarte@example.com,smallmouse158,1978/10/01,45
7442684,Bárbaro,Carvalho,0,barbaro.carvalho@example.com,crazymeercat573,1945/07/31,78
5698733,Nereu,da Conceição,0,nereu.daconceicao@example.com,angrygoose167,1949/02/27,75
8179354,Mapril,Rezende,0,mapril.rezende@example.com,blackostrich204,1949/11/12,74
8768992,Adruzilo,das Neves,0,adruzilo.dasneves@example.com,lazydog897,1976/07/29,47
4936551,Soeiro,Melo,0,soeiro.melo@example.com,heavycat720,1958/12/19,65
6244927,Noame,Silva,0,noame.silva@example.com,whitelion740,2000/01/18,24
3118889,Leo,Gagnon,0,leo.gagnon@example.com,goldenkoala257,1999/12/31,24
4458813,Dylan,Macdonald,0,dylan.macdonald@example.com,ticklishladybug702,1993/07/12,30
8128753,Ryder,Morin,0,ryder.morin@example.com,angrybird270,1988/05/22,36
6241828,Charles,French,0,charles.french@example.com,brownpeacock976,1991/04/19,33
2785346,Anthony,Denys,0,anthony.denys@example.com,beautifulduck979,1953/04/05,71
9975679,Arthur,Gauthier,0,arthur.gauthier@example.com,blacksnake861,1984/08/17,39
6898491,Owen,Slawa,0,owen.slawa@example.com,greenzebra557,1959/06/16,64
8471327,Antoine,White,0,antoine.white@example.com,blackgoose225,1987/07/11,36
5851145,Justin,Bouchard,0,justin.bouchard@example.com,orangeleopard531,1974/01/26,50
7197992,Tristan,Thompson,0,tristan.thompson@example.com,happylion983,1959/10/16,64
2175757,Elliot,Ma,0,elliot.ma@example.com,goldenmouse565,1961/04/04,63
2387953,Hunter,Jones,0,hunter.jones@example.com,silverostrich136,1970/09/13,53
6239776,Alexandre,Lam,0,alexandre.lam@example.com,bigwolf962,1946/02/25,78
1673838,Alfonso,Gamboa,0,alfonso.gamboa@example.com,goldenlion525,1994/08/04,29
1242878,Renato,Gallegos,0,renato.gallegos@example.com,sadbutterfly558,1970/04/23,54
1154995,Julio César,Cepeda,0,juliocesar.cepeda@example.com,angrytiger519,1988/10/27,35
7232266,Diego,Tapia,0,diego.tapia@example.com,silverlion119,1996/02/04,28
1678375,Fidel,Oquendo,0,fidel.oquendo@example.com,tinygoose928,1946/11/07,77
2698145,José Carlos,Benavídez,0,josecarlos.benavidez@example.com,redduck143,1958/04/08,66
8545683,Gabriel,Longoria,0,gabriel.longoria@example.com,greensnake908,1993/05/08,31
6927441,Jerónimo,Jimínez,0,jeronimo.jiminez@example.com,tinymouse724,1993/02/01,31
6224161,Rolando,Amador,0,rolando.amador@example.com,bigcat836,1989/05/07,35
1254784,Isaac,Caraballo,0,isaac.caraballo@example.com,whitepeacock938,1969/10/24,54
8165787,Ricardo,Benavides,0,ricardo.benavides@example.com,blueladybug822,1948/10/26,75
5828848,Alta Gracia,Díaz,1,altagracia.diaz@example.com,whitegoose952,1996/04/14,28
8692912,Mercedes,Pedroza,1,mercedes.pedroza@example.com,angrymouse511,1983/11/23,40
4318833,Blanca,Treviño,1,blanca.trevino@example.com,smallmouse137,1966/09/04,57
4258698,Guadalupe,Vela,1,guadalupe.vela@example.com,lazygorilla691,1965/08/21,58
1755111,María del Carmen,Rico,1,mariadelcarmen.rico@example.com,angrygorilla673,1996/03/05,28
6856922,Soledad,Quiñones,1,soledad.quinones@example.com,silverbird225,1949/10/12,74
7123474,Anel,Gonzales,1,anel.gonzales@example.com,lazywolf552,1990/12/20,33
2634529,Paola,Ocampo,1,paola.ocampo@example.com,silversnake785,1946/04/07,78
7776951,Guadalupe,Navarrete,1,guadalupe.navarrete@example.com,purpleduck975,1958/11/04,65
1325975,Norma,Alemán,1,norma.aleman@example.com,blackbutterfly995,1961/10/23,62
8879269,Paulina,Puente,1,paulina.puente@example.com,smallkoala448,1959/04/10,65
1498954,María Eugenia,Galindo,1,mariaeugenia.galindo@example.com,lazyduck443,1980/02/05,44
1119512,Zoé,Camacho,1,zoe.camacho@example.com,heavygoose279,1963/02/16,61
2157448,Gabrielle,Wong,1,gabrielle.wong@example.com,redmouse887,1976/08/04,47
2271267,Alicia,Lam,1,alicia.lam@example.com,yellowsnake120,1993/03/05,31
8467872,Sophie,Jean-Baptiste,1,sophie.jean-baptiste@example.com,bigfish984,1968/06/10,55
4897757,Marianne,Miller,1,marianne.miller@example.com,sadbear890,1979/09/30,44
9521965,Ariane,Brown,1,ariane.brown@example.com,orangeelephant909,1961/02/20,63
2556398,Charlotte,Williams,1,charlotte.williams@example.com,yellowgorilla516,1956/07/16,67
4718511,Addison,Ross,1,addison.ross@example.com,yellowtiger137,1978/03/22,46
3324745,Marianne,Li,1,marianne.li@example.com,orangeswan238,1999/11/09,24
4226981,Brielle,Grewal,1,brielle.grewal@example.com,bluerabbit690,1954/09/12,69
5584842,Florence,Slawa,1,florence.slawa@example.com,beautifulwolf391,1997/10/20,26
9491653,Elizabeth,Abraham,1,elizabeth.abraham@example.com,bluebear789,1973/04/15,51
4235579,Jade,Pelletier,1,jade.pelletier@example.com,yellowduck823,1953/08/24,70
3146386,Rose,Gagné,1,rose.gagne@example.com,browndog170,1986/08/25,37
8681991,Leah,Stephens,1,leah.stephens@example.com,purpletiger982,1981/10/12,42
3291422,Diana,Larson,1,diana.larson@example.com,heavyzebra726,1999/11/20,24
4868551,Anne,Martinez,1,anne.martinez@example.com,bigladybug209,1993/11/21,30
5685933,Gwendolyn,Reyes,1,gwendolyn.reyes@example.com,bluetiger588,1999/05/28,25
3261828,Lois,Ramirez,1,lois.ramirez@example.com,heavypeacock587,1967/02/18,57
1245917,Mattie,Dunn,1,mattie.dunn@example.com,bluebutterfly727,1979/04/23,45
1667965,Christy,Simpson,1,christy.simpson@example.com,crazyfrog274,1987/04/08,37
7728635,Anne,Henderson,1,anne.henderson@example.com,orangesnake358,1974/01/10,50
8716184,Avery,Stevens,1,avery.stevens@example.com,orangebear931,1999/11/14,24
2546153,Louella,Rodriquez,1,louella.rodriquez@example.com,heavyladybug278,1999/01/20,25
8329225,Arlene,Miles,1,arlene.miles@example.com,sadzebra331,1959/01/02,65
8871115,Natalie,Gardner,1,natalie.gardner@example.com,redwolf698,1945/12/23,78
5613392,Rita,Hansen,1,rita.hansen@example.com,sadgorilla293,1962/02/28,62
1544791,Bendita,Mendes,1,bendita.mendes@example.com,biggoose534,1958/08/09,65
7236174,Elisandra,Fernandes,1,elisandra.fernandes@example.com,blackcat846,1982/10/03,41
4517732,Vanesa,Ribeiro,1,vanesa.ribeiro@example.com,goldenbear481,1991/07/09,32
4474227,Mirza,Araújo,1,mirza.araujo@example.com,smalltiger219,1956/09/27,67
9769219,Darilha,Monteiro,1,darilha.monteiro@example.com,tinyleopard224,1976/01/03,48
8527278,Charlene,da Conceição,1,charlene.daconceicao@example.com,sadcat242,1976/02/16,48
1246218,Daline,Carvalho,1,daline.carvalho@example.com,beautifulswan208,1948/06/18,75
7296762,Sinorá,da Paz,1,sinora.dapaz@example.com,blacklion883,1981/06/20,42
7655326,Leila,Ramos,1,leila.ramos@example.com,orangekoala580,1947/11/27,76
7781813,Osnilda,da Paz,1,osnilda.dapaz@example.com,sadostrich970,1968/03/26,56
2278725,Adélia,Oliveira,1,adelia.oliveira@example.com,tinybear425,1996/08/22,27
